date,temp_min,temp_max,temp_mean,temp_std,precip_total,precip_max_hourly,precip_hours,temp_range,precip_category
2024-10-01,16.3,24.5,20.15,3.0,0.0,0.0,24,8.2,No Rain
2024-10-02,17.2,23.5,19.43,2.08,15.5,3.1,24,6.300000000000001,Heavy Rain
2024-10-03,15.0,23.0,18.13,2.94,26.8,7.9,24,8.0,Storm
2024-10-04,13.6,21.9,17.13,2.87,0.2,0.2,24,8.299999999999999,Light Rain
2024-10-05,11.6,22.5,17.28,3.36,0.1,0.1,24,10.9,No Rain
2024-10-06,14.3,26.4,19.75,4.41,0.0,0.0,24,12.099999999999998,No Rain
2024-10-07,17.0,25.3,20.8,2.92,1.6,1.6,24,8.3,Light Rain
2024-10-08,16.1,24.1,19.95,2.62,3.7,1.6,24,8.0,Light Rain
2024-10-09,15.5,24.3,20.68,3.11,0.2,0.1,24,8.8,Light Rain
2024-10-10,15.0,22.9,18.94,2.49,0.0,0.0,24,7.899999999999999,No Rain
2024-10-11,14.1,21.8,16.94,2.47,0.1,0.1,24,7.700000000000001,No Rain
2024-10-12,14.3,22.4,18.38,2.84,1.9,0.5,24,8.099999999999998,Light Rain
2024-10-13,14.6,22.4,18.42,2.86,0.0,0.0,24,7.799999999999999,No Rain
2024-10-14,16.3,24.0,19.96,2.67,0.0,0.0,24,7.699999999999999,No Rain
2024-10-15,17.8,23.1,20.45,1.47,7.2,3.0,24,5.300000000000001,Moderate Rain
2024-10-16,16.3,24.1,19.94,2.61,12.5,7.9,24,7.800000000000001,Heavy Rain
2024-10-17,15.1,21.7,18.62,1.98,5.4,1.4,24,6.6,Moderate Rain
2024-10-18,12.6,19.9,15.91,2.58,0.1,0.1,24,7.299999999999999,No Rain
2024-10-19,9.8,21.2,15.03,3.91,0.0,0.0,24,11.399999999999999,No Rain
2024-10-20,11.9,23.9,17.32,4.36,0.0,0.0,24,11.999999999999998,No Rain
2024-10-21,14.0,22.9,17.93,3.33,0.0,0.0,24,8.899999999999999,No Rain
2024-10-22,13.5,22.2,17.57,2.92,0.1,0.1,24,8.7,No Rain
2024-10-23,13.7,22.3,17.4,2.98,0.0,0.0,24,8.600000000000001,No Rain
2024-10-24,13.2,21.8,16.82,2.99,0.3,0.1,24,8.600000000000001,Light Rain
2024-10-25,14.3,21.1,16.94,2.3,8.7,3.6,24,6.800000000000001,Moderate Rain
2024-10-26,11.5,17.7,15.87,1.61,11.4,4.0,24,6.199999999999999,Heavy Rain
2024-10-27,10.2,19.0,14.92,3.11,6.8,3.7,24,8.8,Moderate Rain
2024-10-28,16.8,19.9,18.21,0.84,6.1,1.8,24,3.099999999999998,Moderate Rain
2024-10-29,16.0,21.3,18.68,1.61,0.3,0.1,24,5.300000000000001,Light Rain
2024-10-30,17.9,19.2,18.56,0.35,35.5,10.9,24,1.3000000000000007,Storm
2024-10-31,15.8,21.5,18.79,1.75,4.7,4.2,24,5.699999999999999,Light Rain
2024-11-01,13.2,20.0,16.74,2.18,7.5,6.3,24,6.800000000000001,Moderate Rain
2024-11-02,14.0,18.9,16.72,1.26,20.0,6.7,24,4.899999999999999,Heavy Rain
2024-11-03,13.7,18.6,16.77,1.52,2.7,0.6,24,4.900000000000002,Light Rain
2024-11-04,16.0,20.0,17.68,1.19,14.4,6.5,24,4.0,Heavy Rain
2024-11-05,15.4,22.0,17.82,1.98,6.2,3.1,24,6.6,Moderate Rain
2024-11-06,13.8,20.7,16.51,1.96,7.8,4.0,24,6.899999999999999,Moderate Rain
2024-11-07,13.4,19.0,16.14,1.74,12.0,4.5,24,5.6,Heavy Rain
2024-11-08,11.0,20.4,15.32,3.22,0.3,0.2,24,9.399999999999999,Light Rain
2024-11-09,11.1,19.2,14.78,2.55,5.3,2.1,24,8.1,Moderate Rain
2024-11-10,12.2,21.2,15.65,3.15,0.0,0.0,24,9.0,No Rain
2024-11-11,9.6,20.2,13.8,3.56,0.0,0.0,24,10.6,No Rain
2024-11-12,9.9,14.8,11.79,1.42,1.1,0.4,24,4.9,Light Rain
2024-11-13,9.9,14.9,12.63,2.07,12.4,4.1,24,5.0,Heavy Rain
2024-11-14,7.8,17.4,12.81,3.09,0.0,0.0,24,9.599999999999998,No Rain
2024-11-15,11.5,16.6,13.73,1.57,0.2,0.1,24,5.100000000000001,Light Rain
2024-11-16,9.0,19.0,13.24,3.38,0.0,0.0,24,10.0,No Rain
2024-11-17,9.4,19.3,13.23,3.46,0.0,0.0,24,9.9,No Rain
2024-11-18,9.5,16.5,12.62,2.6,0.5,0.2,24,7.0,Light Rain
2024-11-19,8.5,18.6,13.37,3.52,0.0,0.0,24,10.100000000000001,No Rain
2024-11-20,14.3,19.4,16.25,1.54,0.0,0.0,24,5.099999999999998,No Rain
2024-11-21,10.5,18.7,15.29,2.76,0.1,0.1,24,8.2,No Rain
2024-11-22,11.2,17.2,14.91,1.9,0.0,0.0,24,6.0,No Rain
2024-11-23,10.1,17.4,13.18,2.33,1.1,0.4,24,7.299999999999999,Light Rain
2024-11-24,12.6,19.4,15.42,2.23,1.2,0.3,24,6.799999999999999,Light Rain
2024-11-25,11.4,20.0,15.21,2.88,0.0,0.0,24,8.6,No Rain
2024-11-26,10.3,17.8,13.51,2.36,0.1,0.1,24,7.5,No Rain
2024-11-27,8.3,17.5,11.65,3.14,0.0,0.0,24,9.2,No Rain
2024-11-28,4.7,17.9,9.88,4.56,0.0,0.0,24,13.2,No Rain
2024-11-29,5.6,18.0,10.75,4.05,0.0,0.0,24,12.4,No Rain
2024-11-30,6.0,17.3,10.88,3.93,0.0,0.0,24,11.3,No Rain
2024-12-01,9.0,18.1,12.54,2.81,0.0,0.0,24,9.100000000000001,No Rain
2024-12-02,7.0,19.0,11.88,4.25,0.0,0.0,24,12.0,No Rain
2024-12-03,6.5,16.6,11.23,3.06,0.2,0.2,24,10.100000000000001,Light Rain
2024-12-04,8.7,15.9,11.42,2.27,2.1,0.5,24,7.200000000000001,Light Rain
2024-12-05,6.3,15.2,9.78,2.94,0.0,0.0,24,8.899999999999999,No Rain
2024-12-06,5.8,20.1,12.75,4.52,0.0,0.0,24,14.3,No Rain
2024-12-07,8.4,19.2,12.44,3.72,0.0,0.0,24,10.799999999999999,No Rain
2024-12-08,7.6,13.6,9.82,1.97,0.0,0.0,24,6.0,No Rain
2024-12-09,6.2,13.8,9.01,2.61,0.8,0.5,24,7.6000000000000005,Light Rain
2024-12-10,4.6,9.9,7.04,1.65,12.4,3.8,24,5.300000000000001,Heavy Rain
2024-12-11,6.3,10.0,7.69,1.04,20.7,4.0,24,3.7,Storm
2024-12-12,7.1,12.5,10.28,1.48,5.6,1.4,24,5.4,Moderate Rain
2024-12-13,6.5,14.1,9.9,2.43,0.4,0.3,24,7.6,Light Rain
2024-12-14,5.4,13.4,8.63,2.47,0.0,0.0,24,8.0,No Rain
2024-12-15,4.9,12.9,7.88,2.75,0.0,0.0,24,8.0,No Rain
2024-12-16,2.3,13.8,7.2,3.87,0.0,0.0,24,11.5,No Rain
2024-12-17,4.1,14.4,8.32,3.66,0.0,0.0,24,10.3,No Rain
2024-12-18,3.3,16.1,8.17,4.58,0.0,0.0,24,12.8,No Rain
2024-12-19,6.1,19.0,12.78,3.89,0.0,0.0,24,12.9,No Rain
2024-12-20,5.6,15.2,9.34,2.88,0.0,0.0,24,9.6,No Rain
2024-12-21,2.8,13.3,7.21,3.26,0.0,0.0,24,10.5,No Rain
2024-12-22,6.9,16.7,11.2,3.56,0.0,0.0,24,9.799999999999999,No Rain
2024-12-23,6.7,14.8,9.97,2.64,0.0,0.0,24,8.100000000000001,No Rain
2024-12-24,4.7,14.5,8.56,3.4,0.0,0.0,24,9.8,No Rain
2024-12-25,5.1,15.0,9.77,3.43,0.0,0.0,24,9.9,No Rain
2024-12-26,8.6,14.1,11.21,1.72,0.0,0.0,24,5.5,No Rain
2024-12-27,5.6,15.4,9.51,3.11,0.0,0.0,24,9.8,No Rain
2024-12-28,1.5,14.9,6.71,4.58,0.0,0.0,24,13.4,No Rain
2024-12-29,1.1,14.8,6.52,4.73,0.0,0.0,24,13.700000000000001,No Rain
2024-12-30,0.5,14.2,5.65,4.87,0.0,0.0,24,13.7,No Rain
2024-12-31,0.3,13.2,6.17,4.57,0.0,0.0,24,12.899999999999999,No Rain
